Section,Question,Finding,Status,Evidence,Fix Required
CONTENT - Word Counts,Q1: Homepage /,~1351 words,PASS,src/pages/home.tsx,None
CONTENT - Word Counts,Q1: /tools/json-formatter,~1208 words,PASS,src/pages/tools/json-formatter.tsx,None
CONTENT - Word Counts,Q1: /tools/regex-tester,~810 words,PASS,src/pages/tools/regex-tester.tsx,None
CONTENT - Word Counts,Q1: /tools/base64,~1254 words,PASS,src/pages/tools/base64.tsx,None
CONTENT - Word Counts,Q1: /tools/uuid-generator,~861 words,PASS,src/pages/tools/uuid-generator.tsx,None
CONTENT - Word Counts,Q1: /tools/css-minifier,~812 words,PASS,src/pages/tools/css-minifier.tsx,None
CONTENT - Word Counts,Q1: /tools/character-counter,~933 words,PASS,src/pages/tools/character-counter.tsx,None
CONTENT - Word Counts,Q1: /tools/word-counter,~756 words,PASS,src/pages/tools/word-counter.tsx,None
CONTENT - Word Counts,Q1: /tools/qr-code-generator,~862 words (fixed this session),PASS,src/pages/tools/qr-code-generator.tsx,Fixed - 5 content sections added
CONTENT - Word Counts,Q1: /tools/password-generator,~789 words (fixed this session),PASS,src/pages/tools/password-generator.tsx,Fixed - 5 content sections added
CONTENT - Word Counts,Q1: /tools/color-picker,~828 words (fixed this session),PASS,src/pages/tools/color-picker.tsx,Fixed - 4 content sections added
CONTENT - Word Counts,Q1: /tools/image-compressor,~738 words (fixed this session),PASS,src/pages/tools/image-compressor.tsx,Fixed - 5 content sections added
CONTENT - Sentences/Paragraphs,Q2: qr-code-generator has complete paragraphs,Full prose paragraphs + FAQs added,PASS,src/pages/tools/qr-code-generator.tsx lines 233-300,Fixed this session
CONTENT - Sentences/Paragraphs,Q2: password-generator has complete paragraphs,Full prose paragraphs + FAQs added,PASS,src/pages/tools/password-generator.tsx lines 255-350,Fixed this session
CONTENT - Sentences/Paragraphs,Q2: color-picker has complete paragraphs,Full prose paragraphs + FAQs added,PASS,src/pages/tools/color-picker.tsx lines 280-370,Fixed this session
CONTENT - Sentences/Paragraphs,Q2: image-compressor has complete paragraphs,Full prose paragraphs + FAQs added,PASS,src/pages/tools/image-compressor.tsx lines 283-380,Fixed this session
CONTENT - Placeholder Text,Q3: Coming Soon text,CategoryLandingPage.tsx lines 138+207 show Coming Soon badges for unlaunched tools,WARNING,src/pages/categories/CategoryLandingPage.tsx:138,Remove Coming Soon tool cards from category pages
CONTENT - Placeholder Text,Q3: Pricing page Coming Soon,Updated to In development - join waitlist below,PASS,src/pages/pricing.tsx:110,Fixed this session
CONTENT - Placeholder Text,Q3: TODO/lorem ipsum/under construction,None found in page content,PASS,All TSX files scanned,None
CONTENT - Placeholder Text,Q3: placeholder= attributes,All are HTML input field hints only - not content,PASS,Multiple form fields,None
BLOG - Word Counts,Q4: /blog/best-temp-mail-services,~1528 words,PASS,src/pages/blog/best-temp-mail-services.tsx,None
BLOG - Word Counts,Q4: /blog/what-is-disposable-email,~1290 words,PASS,src/pages/blog/what-is-disposable-email.tsx,None
BLOG - Word Counts,Q4: /blog/temp-mail-vs-gmail,~1159 words,PASS,src/pages/blog/temp-mail-vs-gmail.tsx,None
BLOG - Word Counts,Q4: /blog/is-temp-mail-safe,~1236 words,PASS,src/pages/blog/is-temp-mail-safe.tsx,None
BLOG - Word Counts,Q4: /blog/why-websites-ask-email-verification,~1401 words,PASS,src/pages/blog/why-websites-ask-email-verification.tsx,None
BLOG - Word Counts,Q4: /blog/temp-gmail-explained,~1364 words,PASS,src/pages/blog/temp-gmail-explained.tsx,None
BLOG - Word Counts,Q4: /blog/how-to-use-temp-email-extension,~964 words,PASS,src/pages/blog/how-to-use-temp-email-extension.tsx,None
BLOG - Word Counts,Q4: /blog/what-is-json-ld,~1149 words,PASS,src/pages/blog/what-is-json-ld.tsx,None
BLOG - Word Counts,Q4: /blog/what-is-base64,~1167 words,PASS,src/pages/blog/what-is-base64.tsx,None
BLOG - Word Counts,Q4: /blog/twitter-bio-tips,~1131 words,PASS,src/pages/blog/twitter-bio-tips.tsx,None
BLOG - Word Counts,Q4: /blog/what-is-uuid,~1110 words,PASS,src/pages/blog/what-is-uuid.tsx,None
BLOG - Word Counts,Q4: /blog/url-encoding-guide,~1210 words,PASS,src/pages/blog/url-encoding-guide.tsx,None
BLOG - Navigation,Q5: /blog linked from main navbar,NOT in top navbar - footer only,FAIL,src/components/layout/Footer.tsx:141 (footer only),Add /blog link to main navbar
BLOG - Navigation,Q5: /blog linked from footer,Yes - Footer.tsx line 141,PASS,src/components/layout/Footer.tsx:141,None
BLOG - Navigation,Q5: /blog linked from blog breadcrumb,Yes - BlogLayout.tsx line 91,PASS,src/components/layout/BlogLayout.tsx:91,None
CONTENT QUALITY,Q6: AI-generated content check,Blog posts are specific and differentiated - not templated,PASS,All blog/*.tsx files reviewed,None
CONTENT QUALITY,Q7: About this tool duplicate content,Heading is reused but content below is unique per tool,PASS,20 tool pages with About this tool heading,None
CONTENT QUALITY,Q8: Tool pages with zero supporting text,None found - all tools have FAQs + about sections,PASS,All tools/*.tsx files,None
CONTENT QUALITY,Q9: Original editorial content,12 blog posts totaling ~14709 words,PASS,src/pages/blog/ - all 12 posts,None
CONTENT QUALITY,Q10: Auto-generated thin pages,Category pages use shared template but unique content per category,PASS,src/pages/categories/,None
POLICY - Prohibited Content,Q11: Adult/explicit content,None found in site content,PASS,Full codebase scan,None
POLICY - Prohibited Content,Q11: Violence-related content,None found - bio-ideas.tsx uses weapon metaphorically in writing bio,PASS,src/pages/tools/bio-ideas.tsx:45,None
POLICY - Prohibited Content,Q11: Gambling/casino content,Only appears in backlink-analyzer spam detection array,PASS,src/pages/tools/backlink-analyzer.tsx:48,None
POLICY - Prohibited Content,Q11: Drug/weapons content,None found,PASS,Full codebase scan,None
POLICY - Privacy Page,Q12: Cookie policy section,Yes - Section 6 Cookies & Advertising,PASS,src/pages/privacy.tsx - Section 6,None
POLICY - Privacy Page,Q12: Data retention policy,Yes - 30 days for server access logs,PASS,src/pages/privacy.tsx - Section 3,None
POLICY - Privacy Page,Q12: User rights section,Yes - right to access/deletion/portability/opt-out,PASS,src/pages/privacy.tsx - Section 7,None
POLICY - Privacy Page,Q12: Contact info for privacy,Yes - Feedback form referenced + support@xtoolkit.live,PASS,src/pages/privacy.tsx - Section 10,None
POLICY - Privacy Page,Q12: Google AdSense disclosure,Yes - full disclosure with adssettings.google.com link,PASS,src/pages/privacy.tsx - Section 6,None
POLICY - Privacy Page,Q12: Last updated date,Yes - May 2026,PASS,src/pages/privacy.tsx header,None
POLICY - About Page,Q13: Clear site description,Yes - mission + 6 tool categories described,PASS,src/pages/about.tsx - Mission section,None
POLICY - About Page,Q13: Who runs the site,Solo developer identified - no name or credentials,WARNING,src/pages/about.tsx - About the Developer section,Add developer name/social links for E-A-T
POLICY - About Page,Q13: Contact information,Yes - support@xtoolkit.live,PASS,src/pages/about.tsx - About the Developer section,None
POLICY - Contact Page,Q14: Working contact form,Yes - Web3Forms integration via /api/contact/token,PASS,src/pages/contact.tsx - Web3Forms fetch,None
POLICY - Contact Page,Q14: Email address,Yes - support@xtoolkit.live displayed,PASS,src/pages/contact.tsx - email display block,None
POLICY - Contact Page,Q14: Response time expectation,Yes - 1-2 business days stated,PASS,src/pages/contact.tsx - bottom section,None
POLICY - Better Ads,Q15: Pop-ups on page load,CookieBanner slides from bottom - standard GDPR notice only,PASS,src/components/CookieBanner.tsx:36,None
POLICY - Better Ads,Q15: Full-page interstitials,None found,PASS,Full codebase scan,None
POLICY - Better Ads,Q15: Auto-playing video with sound,No video elements in codebase,PASS,Full codebase scan,None
POLICY - Better Ads,Q15: Sticky ads covering content,No fixed-position ad containers found,PASS,src/components/AdSlot.tsx,None
NAVIGATION,Q16: All nav links point to valid pages,All dropdown links verified as valid App.tsx routes,PASS,src/components/layout/Navbar.tsx,None
NAVIGATION,Q17: Broken link - blog/how-to-use-temp-email-extension,Still references /tools/email-privacy-checker (has redirect),WARNING,src/pages/blog/how-to-use-temp-email-extension.tsx:24,Update to /tools/masked-email-generator
NAVIGATION,Q17: Broken link - blog/temp-gmail-explained,Still references /tools/email-privacy-checker (has redirect),WARNING,src/pages/blog/temp-gmail-explained.tsx:24,Update to /tools/masked-email-generator
NAVIGATION,Q17: Broken link - blog/temp-mail-vs-gmail,Still references /tools/email-privacy-checker (has redirect),WARNING,src/pages/blog/temp-mail-vs-gmail.tsx:23,Update to /tools/masked-email-generator
NAVIGATION,Q17: Broken link - blog/why-websites-ask-email-verification,Still references /tools/email-privacy-checker (has redirect),WARNING,src/pages/blog/why-websites-ask-email-verification.tsx:22,Update to /tools/masked-email-generator
NAVIGATION,Q17: Broken link - blog/is-temp-mail-safe,Still references /tools/email-leak-checker (has redirect),WARNING,src/pages/blog/is-temp-mail-safe.tsx:23,Update to /tools/temp-mail
NAVIGATION,Q17: Broken link - email-leak-checker relatedTools,References /tools/email-privacy-checker + /tools/spam-risk-checker (both redirect),WARNING,src/pages/tools/email-leak-checker.tsx:43-44,Update hrefs to redirect destinations
NAVIGATION,Q17: Broken link - follower-analyzer relatedTools,References /tools/profile-audit (has redirect),WARNING,src/pages/tools/follower-analyzer.tsx:17,Update href to /tools/x-account-checker
NAVIGATION,Q17: Broken link - aesthetic-bios relatedTools,References /tools/bio-ideas (has redirect),WARNING,src/pages/tools/aesthetic-bios.tsx:66,Update href to /tools/bio-generator
NAVIGATION,Q17: Broken link - bio-ideas relatedTools,References /tools/professional-bios + /tools/aesthetic-bios (both redirect),WARNING,src/pages/tools/bio-ideas.tsx:109-110,Update hrefs to /tools/bio-generator
NAVIGATION,Q17: Broken link - email-username-generator relatedTools,References /tools/email-character-counter (has redirect),WARNING,src/pages/tools/email-username-generator.tsx:62,Update href to /tools/character-counter
NAVIGATION,Q17: Broken link - email-privacy-checker relatedTools,References /tools/spam-risk-checker (has redirect),WARNING,src/pages/tools/email-privacy-checker.tsx:76,Update href to /tools/spam-score-checker
NAVIGATION,Q18: Redirect chains in vercel.json,No chains - all 16 redirects are one-hop,PASS,vercel.json redirects array,None
NAVIGATION,Q19: Breadcrumb on tool pages,JSON-LD BreadcrumbList + visual breadcrumb present,PASS,src/components/layout/MiniToolLayout.tsx:67+110,None
NAVIGATION,Q20: Mobile navigation,Hamburger menu + responsive dropdowns present,PASS,src/components/layout/Navbar.tsx,None
NAVIGATION,Q21: Pages requiring login,/admin requires password - all other pages are public,PASS,src/pages/admin.tsx:160-210,None
NAVIGATION,Q22: Pop-ups/dialogs on page load,CookieBanner only - standard GDPR slide-in from bottom,PASS,src/components/CookieBanner.tsx:10,None
TRAFFIC,Q23: AdSense code in index.html head,Yes - ca-pub-9994285234413878 in <head>,PASS,index.html:13-15,None
TRAFFIC,Q24: ads.txt correctly configured,google.com pub-9994285234413878 DIRECT f08c47fec0942fa0,PASS,public/ads.txt,None
TRAFFIC,Q25: Third-party scripts,Only Google AdSense + Google Analytics - no fraud scripts,PASS,index.html:14+215,None
TRAFFIC,Q26: Affiliate links (amzn/ref=/aff_id),None found,PASS,Full codebase grep,None
SPAM POLICIES,Q27: Blog content originality,All posts have unique specific content - not mass-generated,PASS,All blog/*.tsx intro paragraphs,None
SPAM POLICIES,Q28: Keyword stuffing,17 keywords in homepage meta - natural length,PASS,index.html:8,None
SPAM POLICIES,Q29: Cloaking / user-agent detection,None found in source code,PASS,Full src/ grep,None
SPAM POLICIES,Q30: Hidden text (display:none on content),None found,PASS,Full src/ CSS grep,None
SPAM POLICIES,Q31: Thin affiliate pages,No affiliate commission pages - AffiliateSection has no-compensation disclaimer,PASS,src/components/monetization/AffiliateSection.tsx,None
SPAM POLICIES,Q32: All tools functional,39 tools fully functional without API key; 3 AI tools need user-provided Groq key,PASS,src/pages/tools/ - all tool files,None
TECHNICAL,Q33: AdSense on live pages,AdSense loads on all pages (single index.html shell),PASS,index.html:14,None
TECHNICAL,Q34: robots.txt - Googlebot blocked,Googlebot NOT blocked from any public pages - only /api/ and /admin,PASS,public/robots.txt:15-19,None
TECHNICAL,Q35: noindex tags on important pages,Only 404 page has noindex - all other pages indexable,PASS,src/pages/not-found.tsx:11,None
TECHNICAL,Q36: SSL certificate,HSTS 2-year preload + HTTP->HTTPS redirect - Vercel auto-TLS,PASS,vercel.json headers + redirects,None
TECHNICAL,Q37: Total page count,~72 unique pages (44 tools + 13 blog + 9 static + 6 category),PASS,prerender.mjs + tools-manifest.json,None
TECHNICAL,Q38: All 44 tools functional,All functional - 3 AI tools need user Groq key (handled gracefully),PASS,src/pages/tools/ + src/hooks/use-groq-keys.ts,None
OVERALL,Q39: Content-to-tool ratio,28 content pages : 44 tool pages = 0.64:1,WARNING,Full page inventory,Consider adding more blog content
OVERALL,Q40: Site purpose clear to first-time visitor,H1: Free online tools for SEO creators & developers - immediately clear,PASS,src/pages/home.tsx + screenshot,None
OVERALL,Q41: E-A-T - author credentials on About,Developer identified as solo developer - no name/credentials/social links,FAIL,src/pages/about.tsx - About the Developer,Add developer name and professional profile link
OVERALL,Q42: External links use rel=nofollow,AffiliateSection fixed; informational links use noopener noreferrer (nofollow optional for editorial),WARNING,src/components/monetization/AffiliateSection.tsx:106,AffiliateSection fixed this session
OVERALL,Q43: Site language,All English - lang=en declared on html element,PASS,index.html:2,None
OVERALL,Q44: Top rejection reason #1,11 broken internal link references still in source (all have redirects but source still points to old URLs),HIGH RISK,Multiple files - see Q17 details,Fix remaining 5 blog files + 6 tool files
OVERALL,Q44: Top rejection reason #2,/blog not linked from main navbar - only in footer,HIGH RISK,src/components/layout/Navbar.tsx,Add /blog to main navigation
OVERALL,Q44: Top rejection reason #3,Anonymous author - no name/credentials/social links for E-A-T,HIGH RISK,src/pages/about.tsx,Add developer name and profile link
OVERALL,Q44: Top rejection reason #4,Coming Soon tool cards on CategoryLandingPage,MEDIUM RISK,src/pages/categories/CategoryLandingPage.tsx:138+207,Remove or hide Coming Soon tool cards
OVERALL,Q44: Top rejection reason #5,Redirect stub pages still exist as App.tsx routes (follower-analyzer etc.),MEDIUM RISK,src/App.tsx:204-219,Consider removing stub pages and relying on Vercel 301s only
