ID,Category,Subcategory,Page_Type,URL_or_File,Severity,Issue,Current_Value,Target_Value,Recommendation
T01,SEO,Title Tag,tool,/tools/schema-generator,High,Title too long — will be truncated in SERPs,87 chars,≤60 chars,Shorten to: 'JSON-LD Schema Generator — Free Structured Data Builder'
T02,SEO,Title Tag,tool,/tools/x-account-checker,High,Title too long — will be truncated in SERPs,85 chars,≤60 chars,Shorten to: 'X Account Checker — Bulk Twitter Status & Profile Data'
T03,SEO,Title Tag,static,/chrome-extension,High,Title too long — will be truncated in SERPs,78 chars,≤60 chars,Shorten to: 'Free Temp Email Chrome Extension — OTP Detector'
T04,SEO,Title Tag,tool,/tools/funny-bios,High,Title too long — will be truncated in SERPs,76 chars,≤60 chars,Shorten to: 'Funny Twitter/X Bio Ideas (2026) — 50+ Bios + AI Generator'
T05,SEO,Title Tag,tool,/tools/regex-tester,High,Title too long — will be truncated in SERPs,76 chars,≤60 chars,Shorten to: 'Regex Tester Online — Test Regular Expressions Instantly'
T06,SEO,Title Tag,tool,/tools/ai-detector,High,Title too long — will be truncated in SERPs,74 chars,≤60 chars,Shorten to: 'AI Text Detector & Humanizer — Free AI Content Checker'
T07,SEO,Title Tag,tool,/tools/sitemap-validator,High,Title too long — will be truncated in SERPs,74 chars,≤60 chars,Shorten to: 'XML Sitemap Validator — Free Sitemap Checker & Debugger'
T08,SEO,Title Tag,static,/tools,High,Title too long — will be truncated in SERPs,74 chars,≤60 chars,Shorten to: 'All Free Online Tools — X Toolkit | 44+ Tools'
T09,SEO,Title Tag,tool,/tools/masked-email-generator,Medium,Title too long — may be truncated on mobile,73 chars,≤60 chars,Shorten to: 'Masked Email Generator — Free Email Alias Creator'
T10,SEO,Title Tag,tool,/tools/email-signature-generator,Medium,Title too long — may be truncated on mobile,73 chars,≤60 chars,Shorten to: 'Email Signature Generator — Free HTML Signatures'
T11,SEO,Title Tag,category,/email-tools,Medium,Title too long — may be truncated on mobile,73 chars,≤60 chars,Shorten to: 'Free Email Tools — Temp Mail & Signature Generator'
T12,SEO,Title Tag,category,/text-format-tools,Medium,Title too long — may be truncated on mobile,73 chars,≤60 chars,Shorten to: 'Free Text Formatting Tools — Thread Splitter & More'
T13,SEO,Title Tag,tool,/tools/profile-link-generator,Medium,Title too long — may be truncated on mobile,72 chars,≤60 chars,Shorten to: 'Profile Link Generator — Usernames to X Profile URLs'
T14,SEO,Title Tag,tool,/tools/case-converter,Medium,Title too long — may be truncated on mobile,72 chars,≤60 chars,Shorten to: 'Case Converter — UPPERCASE, lowercase & camelCase'
T15,SEO,Title Tag,tool,/tools/subject-line-generator,Medium,Title too long — may be truncated on mobile,72 chars,≤60 chars,Shorten to: 'Email Subject Line Generator — High Open Rate Templates'
T16,SEO,Title Tag,tool,/tools/sql-formatter,Medium,Title too long — may be truncated on mobile,72 chars,≤60 chars,Shorten to: 'SQL Formatter & Beautifier — Free Query Formatter'
T17,SEO,Title Tag,tool,/tools/character-counter,Medium,Title borderline long,71 chars,≤60 chars,Shorten to: 'Character Counter — Free Online Character & Word Count'
T18,SEO,Title Tag,tool,/tools/tweet-scheduler,Medium,Title borderline long,71 chars,≤60 chars,Shorten to: 'Tweet Scheduler — Free X Content Calendar Planner'
T19,SEO,Title Tag,tool,/tools/bio-generator,Medium,Title borderline long,71 chars,≤60 chars,Shorten to: 'AI Bio Generator for X (Twitter) — Free Bio Creator'
T20,SEO,Title Tag,tool,/tools/tweet-formatter,Medium,Title borderline long,71 chars,≤60 chars,Shorten to: 'Tweet Thread Formatter — Split Text into Threads'
T21,SEO,Title Tag,category,/social-media-tools,Medium,Title borderline long,70 chars,≤60 chars,Shorten to: 'Free Social Media Tools for X — Account Checker'
T22,SEO,Title Tag,blog,/blog/temp-gmail-explained,Medium,Title too long — may be truncated on mobile,72 chars,≤60 chars,Shorten to: 'Temp Gmail Explained — Dot Trick & Plus Trick Guide'
T23,SEO,Title Tag,blog,/blog/url-encoding-guide,Medium,Title borderline long,69 chars,≤60 chars,Shorten to: 'URL Encoding Guide — What Is Percent Encoding (2026)'
T24,SEO,Title Tag,blog,/blog/how-to-use-temp-email-extension,Medium,Title borderline long,68 chars,≤60 chars,Shorten to: 'How to Use a Temp Email Chrome Extension (2026)'
D01,SEO,Meta Description,tool,/tools/masked-email-generator,High,Description critically short — well below optimal CTR range,121 chars,150–160 chars,"Expand: 'Generate random email aliases and Gmail plus-tag variants to protect your real inbox. Prevent spam, avoid data brokers, and keep your primary address private. Free.'"
D02,SEO,Meta Description,tool,/tools/timezone-converter,High,Description critically short — well below optimal CTR range,125 chars,150–160 chars,"Expand: 'Convert times between all global timezones with DST support. Great for scheduling meetings across regions and planning international events. Free world clock tool.'"
D03,SEO,Meta Description,tool,/tools/font-preview,High,Description critically short — well below optimal CTR range,127 chars,150–160 chars,"Expand: 'Preview X (Twitter) bio and tweet text in Unicode bold, italic, cursive and more styles. Copy styled text instantly. Free font previewer — no signup.'"
D04,SEO,Meta Description,tool,/tools/at-formatter,High,Description critically short — well below optimal CTR range,128 chars,150–160 chars,"Expand: 'Bulk add or remove the @ symbol from X (Twitter) username lists instantly. Clean imported follower exports or prepare mention lists in one click. Free.'"
D05,SEO,Meta Description,tool,/tools/og-image-preview,High,Description critically short — well below optimal CTR range,128 chars,150–160 chars,"Expand: 'Preview how your Open Graph image and meta tags appear on Twitter, LinkedIn, Facebook and Slack before publishing. Check thumbnail dimensions. Free tool.'"
D06,SEO,Meta Description,tool,/tools/html-formatter,High,Description too short — low CTR signal,129 chars,150–160 chars,"Expand: 'Beautify or minify HTML code with proper indentation and syntax highlighting. 100% browser-based — your code never leaves your device. Free online tool.'"
D07,SEO,Meta Description,tool,/tools/meta-tag-generator,High,Description too short — low CTR signal,129 chars,150–160 chars,"Expand: 'Generate SEO meta tags including title, description, Open Graph, and Twitter Cards with live SERP preview. Free meta tag builder — no signup required.'"
D08,SEO,Meta Description,tool,/tools/yaml-json,High,Description too short — low CTR signal,129 chars,150–160 chars,"Expand: 'Convert YAML to JSON and JSON to YAML instantly with real-time validation and error highlighting. Free browser-based converter — no data sent to servers.'"
D09,SEO,Meta Description,tool,/tools/tweet-scheduler,Medium,Description too short — below optimal,131 chars,150–160 chars,"Expand: add that CSV export works with Buffer or Hootsuite and mention it's free with no account creation required"
D10,SEO,Meta Description,tool,/tools/bio-generator,Medium,Description too short — below optimal,131 chars,150–160 chars,"Expand: mention tone options (professional, funny, aesthetic) and that 3 bio variations are generated per request"
D11,SEO,Meta Description,tool,/tools/spam-score-checker,Medium,Description too short — below optimal,132 chars,150–160 chars,"Expand: 'Check email subject and body for 10+ spam signals — trigger words, excessive caps, link density. Get instant score and fix tips. Free spam checker.'"
D12,SEO,Meta Description,tool,/tools/newsletter-template-generator,Medium,Description too short — below optimal,132 chars,150–160 chars,"Expand: mention Minimal/Editorial/Digest template styles and that output is copy-paste ready HTML for Mailchimp/Klaviyo"
D13,SEO,Meta Description,tool,/tools/keyword-density,Medium,Description too short — below optimal,132 chars,150–160 chars,"Expand: 'Analyze keyword frequency and density in any text or URL. Spot over-optimization, find TF-IDF opportunities, and improve your on-page SEO targeting. Free.'"
D14,SEO,Meta Description,tool,/tools/css-minifier,Medium,Description too short — below optimal,133 chars,150–160 chars,"Expand: 'Minify CSS to reduce page load time or beautify for readability. Removes comments, whitespace, and redundant declarations. Free, browser-only — no uploads.'"
D15,SEO,Meta Description,tool,/tools/ai-detector,Medium,Description too short — below optimal,134 chars,150–160 chars,"Expand: mention Llama 3.3 70B model, humanizer output that passes AI detectors, and free Groq-powered backend"
D16,SEO,Meta Description,tool,/tools/url-encoder,Medium,Description too short — below optimal,134 chars,150–160 chars,"Expand: 'Encode special characters in URLs using percent-encoding or decode encoded strings back. Works with full URLs, query strings, and path segments. Free.'"
D17,SEO,Meta Description,tool,/tools/username-generator,Medium,Description too short — below optimal,134 chars,150–160 chars,"Expand: 'Generate unique X (Twitter) username ideas for your niche or brand. Creative handle suggestions filtered by availability hints. Free, no signup needed.'"
D18,SEO,Meta Description,tool,/tools/qr-code-generator,Medium,Description too short — below optimal,134 chars,150–160 chars,"Expand: 'Generate QR codes for URLs, WiFi passwords, emails, phone numbers, and plain text. Download as PNG instantly. Free QR creator — no login required.'"
D19,SEO,Meta Description,tool,/tools/email-validator,Medium,Description too short — below optimal,134 chars,150–160 chars,"Expand: 'Validate email address syntax and format instantly in your browser. Detect typos, invalid domains, and malformed addresses. 100% private — no data sent. Free.'"
D20,SEO,Meta Description,tool,/tools/uuid-generator,Medium,Description too short — below optimal,135 chars,150–160 chars,"Expand: 'Generate random UUID v4 identifiers for databases, APIs, and session tokens using the Web Crypto API. Bulk generation available. Fully private. Free.'"
D21,SEO,Meta Description,tool,/tools/email-signature-generator,Medium,Description too short — below optimal,135 chars,150–160 chars,"Expand: 'Build a professional HTML or plain text email signature with name, title, company, phone, and social links. Copy-paste ready. Free signature maker online.'"
D22,SEO,Meta Description,tool,/tools/robots-txt-generator,Medium,Description too short — below optimal,136 chars,150–160 chars,"Expand: 'Generate a robots.txt file with allow/disallow rules, crawl-delay, sitemap reference, and AI scraper blocking. Visual builder. Free robots.txt generator.'"
D23,SEO,Meta Description,tool,/tools/jwt-decoder,Medium,Description too short — below optimal,136 chars,150–160 chars,"Expand: 'Decode JWT header, payload, and expiration claims instantly. Inspect custom claims and algorithm. 100% browser-based — tokens never leave your device.'"
D24,SEO,Meta Description,tool,/tools/profile-link-generator,Medium,Description too short — below optimal,137 chars,150–160 chars,"Expand: 'Batch convert X (Twitter) usernames to direct clickable profile URLs. Paste a list, copy the links. Useful for influencer lists and outreach. Free, no signup.'"
D25,SEO,Meta Description,tool,/tools/tweet-formatter,Medium,Description too short — below optimal,137 chars,150–160 chars,"Expand: 'Auto-split long text into numbered tweet threads for X. Respects 280-character limit, adds numbering. Export threads ready to post. Free tweet splitter.'"
D26,SEO,Meta Description,tool,/tools/hashtag-formatter,Medium,Description too short — below optimal,137 chars,150–160 chars,"Expand: 'Bulk clean, deduplicate and reformat hashtag lists for X or Instagram. Remove duplicates, fix spacing, sort alphabetically. Free hashtag formatter tool.'"
D27,SEO,Meta Description,tool,/tools/temp-mail,Medium,Description too short — below optimal,137 chars,150–160 chars,"Expand: 'Free temporary email inbox — auto-refreshing, multiple provider support. Protect your real address from spam and signups. No account required. Free.'"
D28,SEO,Meta Description,tool,/tools/base64,Medium,Description too short — below optimal,138 chars,150–160 chars,"Expand: 'Encode text or binary data to Base64 and decode back to plain text. Full Unicode and emoji support. Supports Base64URL variant. 100% browser-based — private.'"
D29,SEO,Meta Description,tool,/tools/case-converter,Medium,Description too short — below optimal,138 chars,150–160 chars,"Expand: 'Convert text to UPPERCASE, lowercase, camelCase, PascalCase, snake_case, kebab-case, and Title Case instantly. Perfect for code and copywriting. Free.'"
D30,SEO,Meta Description,tool,/tools/sql-formatter,Medium,Description too short — below optimal,138 chars,150–160 chars,"Expand: 'Format SQL queries with consistent indentation and capitalized keywords. Supports PostgreSQL, MySQL, SQLite. Clean up messy SQL for code review. Free.'"
D31,SEO,Meta Description,tool,/tools/page-speed-checker,Medium,Description too short — below optimal,130 chars,150–160 chars,"Expand: 'Spot top performance bottlenecks — render-blocking JS, large images, slow TTFB. Get actionable fixes for your Core Web Vitals. Free website speed analyzer.'"
D32,SEO,Meta Description,tool,/tools/subject-line-generator,Medium,Description too short — below optimal,134 chars,150–160 chars,"Expand: mention cold email, newsletter, and re-engagement campaign template categories and that subject lines are sorted by open-rate goal"
D33,SEO,Meta Description,blog,/blog/is-temp-mail-safe,Medium,Description too short — below optimal,143 chars,150–160 chars,Expand: add 'Updated for 2026 security landscape — covers account compromise and legal exposure risks.'
D34,SEO,Meta Description,blog,/blog/what-is-disposable-email,Medium,Description too short — below optimal,145 chars,150–160 chars,"Expand: 'Everything about disposable email: how they work, top free services, privacy risks, and when to use vs masked aliases. Updated 2026 guide.'"
D35,SEO,Meta Description,blog,/blog/what-is-json-ld,Medium,Description too short — below optimal,146 chars,150–160 chars,"Expand: append 'Including full code examples for Article, FAQ, Product, and BreadcrumbList schema types.'"
D36,SEO,Meta Description,blog,/blog/what-is-uuid,Medium,Description too short — below optimal,146 chars,150–160 chars,"Expand: append 'Includes comparison of UUID v1, v4, and v7 with when to use each in production systems.'"
D37,SEO,Meta Description,blog,/blog/what-is-jwt,Medium,Description too short — below optimal,149 chars,150–160 chars,Expand by 10 chars: append 'With code examples.'
D38,SEO,Meta Description,static,/ (homepage),Critical,Description massively over limit — Google will only show first ~160 chars,225 chars,150–160 chars,"Trim to: '44+ free online tools for X (Twitter), developers & SEO professionals. No signup, instant results. Account checker, AI bio generator, JSON formatter & more.'"
D39,SEO,Meta Description,static,/about,High,Description too long — Google will truncate,167 chars,150–160 chars,Trim: remove 'Learn more about the project and its creator' — drop to ~155 chars
D40,SEO,Meta Description,static,/tools,High,Description too long — Google will truncate,163 chars,150–160 chars,Trim: remove 'Check X (Twitter) account status in bulk' — already implied by title
D41,SEO,Meta Description,tool,/tools/x-account-checker,High,Description too long — Google will truncate,168 chars,150–160 chars,"Trim to: 'Bulk check X (Twitter) account status — followers, join date, verified badge. Up to 100 accounts free. No signup. Instant results.'"
D42,SEO,Meta Description,blog,/blog/what-is-regex,High,Description too long — Google will truncate,169 chars,150–160 chars,Trim: remove 'and how to use regex in JavaScript' from the end
D43,SEO,Meta Description,blog,/blog/what-is-base64,High,Description too long — Google will truncate,164 chars,150–160 chars,Trim: remove '2026 guide' and shorten last clause to bring under 160 chars
D44,SEO,Meta Description,blog,/blog/seo-meta-tags-guide,High,Description too long — Google will truncate,164 chars,150–160 chars,Trim: remove 'With examples' at the end — implied by the guide format
D45,SEO,Meta Description,category,/email-tools,High,Description too long — Google will truncate,179 chars,150–160 chars,Trim: remove 'plain text formatter and character counter' — focus on top 3 tools
D46,SEO,Meta Description,category,/seo-tools,High,Description too long — Google will truncate,175 chars,150–160 chars,Trim: remove 'and sitemap validator' from tool list and shorten opening clause
D47,SEO,Meta Description,category,/developer-tools,High,Description too long — Google will truncate,164 chars,150–160 chars,Trim: remove 'No install' clause — already implied by 'browser-based'
D48,SEO,Meta Description,category,/text-format-tools,Medium,Description too long — Google will truncate,173 chars,150–160 chars,Trim: remove 'and generate usernames' — username tool belongs in social category
S01,Schema,og:image,all,All 80+ pages,High,No per-page og:image — all pages share one global OG image from index.html,1 global image,Per-page og:image via SeoHead,Add ogImage prop to SeoHead component and pass per-page or per-category og:image on each tool/blog/category page
S02,Schema,dateModified,blog,All 16 blog articles,Medium,Article schema has datePublished only — no dateModified field,publishDate only,dateModified recommended,Add dateModified prop to BlogLayout and default to publishDate if not provided — improves freshness signals in Google Search
S03,Schema,Article,blog,/blog (index page),Low,Blog index uses Layout not BlogLayout — no Article or BreadcrumbList schema,No schema,BreadcrumbList at minimum,Add BreadcrumbList + ItemList schema to blog/index.tsx via SeoHead extraSchemas prop
C01,Content,Thin Page,tool,/tools/spam-score-checker,High,Thin content — estimated under 250 prose words,~250 words,600+ words,"Add About section covering: how spam scoring works, common trigger words, deliverability impact, and B2B vs B2C thresholds"
C02,Content,Thin Page,tool,/tools/keyword-density,High,Thin content — estimated under 300 prose words,~300 words,600+ words,"Add About section covering: what keyword density is, 1-3% guideline, TF-IDF vs raw density, keyword stuffing penalties"
C03,Content,Thin Page,tool,/tools/masked-email-generator,High,Thin content — estimated under 300 prose words,~300 words,600+ words,"Add About section covering: what email aliases are, how alias forwarding works, top alias services, and when to use vs disposable email"
C04,Content,Thin Page,tool,/tools/newsletter-template-generator,High,Thin content — estimated under 350 prose words,~350 words,600+ words,"Add About section covering: HTML email best practices, CAN-SPAM compliance, responsive email design, and plain-text alternatives"
C05,Content,Thin Page,tool,/tools/robots-txt-generator,High,Thin content — estimated under 350 prose words,~350 words,600+ words,"Add About section covering: robots.txt syntax reference, crawl budget, AI scraper blocking (GPTBot/ClaudeBot), and common configuration patterns"
C06,Content,Thin Page,tool,/tools/sitemap-validator,High,Thin content — estimated under 350 prose words,~350 words,600+ words,"Add About section covering: XML sitemap format, common validation errors, lastmod and changefreq best practices, and sitemap index files"
C07,Content,Thin Page,tool,/tools/og-image-preview,Medium,Thin content — estimated under 300 prose words,~300 words,500+ words,"Add sections: optimal og:image dimensions by platform (1200×630 OG, 800×418 Twitter), CTR impact of social previews, and Twitter Card types"
C08,Content,Thin Page,tool,/tools/profile-link-generator,Medium,Thin content — estimated under 400 prose words,~400 words,500+ words,"Add sections: X profile URL formats (x.com vs twitter.com), when to use profile links vs @mentions, and building influencer outreach lists"
C09,Content,Thin Page,tool,/tools/page-speed-checker,Medium,Thin content — estimated under 350 prose words,~350 words,500+ words,"Add sections: Core Web Vitals explained (LCP, INP, CLS), how to interpret a speed score, and the top 5 fixes for slow pages"
C10,Content,Thin Page,tool,/tools/tweet-scheduler,Medium,Thin content — estimated under 350 prose words,~350 words,500+ words,"Add sections: best times to post on X by niche, how to export CSV for scheduling tools, and a content calendar strategy guide"
C11,Content,Thin Page,tool,/tools/font-preview,Medium,Thin content — estimated under 300 prose words,~300 words,500+ words,"Add sections: how Unicode font tricks work, which X features support Unicode text, and accessibility considerations for styled bios"
C12,Content,Thin Page,tool,/tools/timezone-converter,Medium,Thin content — estimated under 300 prose words,~300 words,500+ words,"Add sections: how DST affects scheduling, common timezone mistakes for remote teams, and a reference table of major UTC offsets"
C13,Content,Blog Stub,blog,/blog/best-temp-mail-services,High,Blog post has minimal prose body — intro and related links but lacks comparison depth,~150 lines / minimal prose,800+ words,"Expand with: full comparison table of 8 services, methodology, privacy analysis, and recommendation by use case (signups vs developers vs one-time use)"
C14,Content,Content-to-Tool Ratio,site,Whole site,Medium,30 content pages vs 44 tool pages — 0.68 ratio; below ideal 1:1,0.68 ratio,≥1.0 ratio,Publish 2–3 new blog posts (e.g. 'Best JSON formatters', 'How to write a cold email', 'What is URL encoding?') to reach parity
A01,AdSense,Ad Slot IDs,tool,All tool pages with ads,Critical,Ad slot IDs are invalid — 'top' / 'bottom' / '3333333333' are not real Google ad unit IDs; ads will NOT serve,slot='top' or slot='bottom',10-digit numeric slot ID from AdSense dashboard,"Replace all slot=""top"" and slot=""bottom"" in every AdSlot call with real numeric unit IDs created in your AdSense account (e.g. slot=""1234567890""). Update AdBanner slot=""3333333333"" to a real ID too."
A02,AdSense,Ad Coverage,tool,30 of 44 tool pages,High,30 tool pages have zero ad units — missing monetization on majority of tool traffic,0 ad units,2 ad units (top + bottom),"Add AdSlot top + bottom to all tool pages currently missing them: at-formatter / ai-detector / bio-generator / email-validator / font-preview / funny-bios / hashtag-formatter / html-formatter / keyword-density / masked-email-generator / meta-tag-generator / newsletter-template-generator / og-image-preview / page-speed-checker / profile-link-generator / robots-txt-generator / schema-generator / sitemap-validator / spam-score-checker / sql-formatter / subject-line-generator / temp-mail / timezone-converter / tweet-formatter / tweet-scheduler / username-generator / x-account-checker / yaml-json / url-slug-generator"
A03,AdSense,Ad Coverage,blog,All 16 blog pages,High,Blog pages have no ad units — highest-content pages (800–1300+ words) have zero monetization,0 ad units,1–2 ad units,"Add AdSlot between intro and first section and/or after content and before related links in BlogLayout.tsx — this covers all 16 blog posts in one change"
A04,AdSense,Ad Coverage,static,/ (homepage),Medium,Homepage has no ad unit — high direct-traffic page with no monetization,0 ad units,1 ad unit,Add a responsive AdBanner after the hero section or between tool category grids on home.tsx
A05,AdSense,Ad Coverage,category,All 6 category pages,Medium,Category landing pages have no ad units,0 ad units,1 ad unit,Add AdBanner inside CategoryLandingPage.tsx — single change covers all 6 category pages
A06,AdSense,Duplicate Component,static,src/components/AdSlot.tsx and AdBanner.tsx,Low,AdSlot.tsx and AdBanner.tsx are byte-for-byte identical — duplicate code with different names,2 identical components,1 unified component,Merge into a single <AdUnit> component and update all imports across the codebase to eliminate dead code
A07,AdSense,Auto Ads,site,All pages,Low,AdSense Auto Ads not enabled — no fallback for pages without manual ad units,Not configured,Consider enabling Auto Ads,"Add (adsbygoogle = window.adsbygoogle || []).push({ google_ad_client: 'ca-pub-9994285234413878', enable_page_level_ads: true }) to index.html as a fallback while manual slots are added"
A08,AdSense,Publisher ID,site,index.html,Pass,AdSense publisher ID correctly embedded in <head>,ca-pub-9994285234413878,—,No action needed
A09,AdSense,ads.txt,static,/ads.txt,Pass,ads.txt present with correct IAB format and authorized sellers token,"google.com, pub-9994285234413878, DIRECT, f08c47fec0942fa0",—,No action needed
A10,AdSense,Better Ads,all,All pages,Pass,No interstitials / auto-play video / sticky ads / pop-ups violating Better Ads Standards — cookie banner fires after 1200ms delay,Compliant,—,No action needed
N01,Navigation,Broken Links,all,All live pages,Pass,All previously broken internal links (7 in prior audit) have been fixed — 0 dead links in routed pages,0 broken links,—,No action needed — confirm with a link crawl before next review
N02,Navigation,Redirect Chains,site,vercel.json,Pass,All 14 redirects point to live destinations — no redirect chains detected,0 chains,—,No action needed
N03,Navigation,Breadcrumbs,tool,All 44 tool pages,Pass,BreadcrumbList JSON-LD generated in MiniToolLayout for all tool pages (Home → Category → Tool),Present on all tools,—,No action needed
N04,Navigation,Mobile Nav,static,Navbar.tsx,Pass,Hamburger menu with category dropdowns. All items close menu on tap. Blog and Guides as standalone mobile links.,Functional,—,No action needed
N05,Navigation,Auth-gated Pages,static,/admin and /pricing,Pass,/admin gated by ADMIN_PASSWORD env var. /pricing is noindex. All 80+ content pages freely accessible.,Correct gating,—,No action needed
TEX01,Technical,robots.txt,static,/robots.txt,Pass,Googlebot: Allow:/ — all content pages crawlable. Disallow:/api/ and /admin. 17 AI training bots blocked (GPTBot/ClaudeBot etc). Sitemap declared.,Compliant,—,No action needed
TEX02,Technical,noindex Usage,all,All pages,Pass,Only /404 and /pricing set noindex. All 80+ tool/blog/category/static pages are indexable.,Correct,—,No action needed
TEX03,Technical,SSL/HTTPS,site,vercel.json,Pass,"HSTS (max-age=63072000; includeSubDomains; preload) + HTTP→HTTPS permanent redirect. Full HTTPS enforcement.",Enforced,—,No action needed
TEX04,Technical,Canonical Tags,all,All pages,Pass,SeoHead.tsx injects per-page canonical on every route. Overrides the global canonical in index.html correctly via useEffect.,Per-page canonical,—,No action needed
TEX05,Technical,Google Analytics,site,index.html,Pass,"GA4 (G-0544DCZ399) with anonymize_ip:true, send_page_view:false, allow_google_signals:false — privacy-safe configuration.",Compliant,—,No action needed
TEX06,Technical,Tool Functionality,tool,All 44 tools,Pass,"All 44 live tools functional. AI tools show key-input prompt if GROQ_API_KEY missing (graceful). X Checker has public bearer token fallback. No silent hard failures.",All functional,—,No action needed
TEX07,Technical,SPA Route Count,site,App.tsx,Pass,94 routes in App.tsx. 31 static pages in prerender.mjs. ~80 unique live pages. No empty shell routes.,94 routes,—,No action needed
EAT01,E-A-T,Author Credentials,static,/about,Medium,About page names developer (Somen) with social links but lacks any credential or expertise claim beyond 'started May 2026',No credentials listed,Short professional bio,Add 1–2 sentences of professional background (years of experience / past projects / relevant skills) to strengthen E-A-T signal for Google reviewers
EAT02,E-A-T,Contact Availability,static,/contact,Pass,"Working contact form (web3forms) + email (support@xtoolkit.live) + response time commitment (1–2 business days)",Fully compliant,—,No action needed
EAT03,E-A-T,Privacy Page,static,/privacy,Pass,"Cookie policy / data retention / GDPR rights / AdSense disclosure / last updated (May 2026) all present — fully compliant",Fully compliant,—,No action needed
EAT04,E-A-T,External Links,all,All pages,Pass,"All target=_blank links include rel=""noopener noreferrer"" — no unsafe external links",Compliant,—,No action needed
EAT05,E-A-T,Homepage Schema,static,/,Pass,"WebSite (SearchAction) + Organization + WebApplication + ItemList schemas all present in index.html — strong schema coverage",4 schemas present,—,No action needed
EAT06,E-A-T,Tool Page Schema,tool,All 44 tool pages,Pass,"BreadcrumbList + WebApplication + FAQPage schemas generated by MiniToolLayout on all 44 tool pages — confirmed 44 faqs= matches",3 schemas per tool,—,No action needed
EAT07,E-A-T,Blog Schema,blog,All 16 blog pages,Pass,BlogLayout generates Article schema (headline / description / author / publisher / datePublished) and BreadcrumbList on all blog posts,2 schemas per post,—,No action needed
POL01,Policy,Prohibited Content,all,All pages,Pass,No adult / gambling / weapons / drug content found on any routed page. SPAMMY_PATTERNS array is spam-detection logic — not actual prohibited content.,Compliant,—,No action needed
POL02,Policy,Affiliate Disclosure,static,AffiliateSection.tsx,Pass,Explicit disclosure: 'we have no affiliate relationship with these products and receive no compensation for recommendations' rendered above tool cards.,Disclosure present,—,No action needed
POL03,Policy,Ad Labelling,all,All ad placements,Pass,AdSense auto-labels ads with 'Ad' badge and AdChoices icon. No manual labels needed.,Auto-labelled by Google,—,No action needed
POL04,Policy,Cloaking,all,All pages,Pass,No user-agent detection or content differentiation for crawlers. Same HTML served to all visitors.,Not cloaking,—,No action needed
POL05,Policy,Hidden Text,all,All pages,Pass,"No hidden content-area text. opacity-0 elements are hover-reveal UI controls only. No keyword stuffing hidden from users.",Not present,—,No action needed
